"lat","long","mag","place","url"
46.0546,13.8505,3.4,"12km SW of Cerkno, Slovenia","http://earthquake.usgs.gov/earthquakes/eventpage/usc000r8h1"
49.1055,-2.5355,3.9,"32km WSW of Saint Helier, Jersey","http://earthquake.usgs.gov/earthquakes/eventpage/usb000rrzr"
44.4472,16.2807,3.9,"26km SE of Orasac, Bosnia and Herzegovina","http://earthquake.usgs.gov/earthquakes/eventpage/usc000s8b4"
43.9065,21.2553,3.0,"8km S of Jagodina, Serbia","http://earthquake.usgs.gov/earthquakes/eventpage/usc000sws8"
37.37,26.82,3.8,"24km N of Agia Marina, Greece","http://earthquake.usgs.gov/earthquakes/eventpage/usb000t1er"
40.9129,19.8857,4.5,"12km NNW of Kucove, Albania","http://earthquake.usgs.gov/earthquakes/eventpage/usb000qw19"
39.5224,24.1875,4.4,"49km NNE of Patitirion, Greece","http://earthquake.usgs.gov/earthquakes/eventpage/usb000qxle"
40.3041,25.6303,4.5,"24km SE of Kamariotissa, Greece","http://earthquake.usgs.gov/earthquakes/eventpage/usb000r2iq"
40.0003,24.3356,4.5,"29km SSE of Karyes, Greece","http://earthquake.usgs.gov/earthquakes/eventpage/usb000r2sa"
40.0084,24.2593,4.5,"25km ESE of Sarti, Greece","http://earthquake.usgs.gov/earthquakes/eventpage/usb000r34s"
38.5556,20.5995,4.4,"19km SSW of Nidri, Greece","http://earthquake.usgs.gov/earthquakes/eventpage/usb000r3r2"
40.2421,25.1388,4.1,"38km SW of Kamariotissa, Greece","http://earthquake.usgs.gov/earthquakes/eventpage/usb000r4mk"
44.8429,149.7192,4.9,"151km ESE of Kuril'sk, Russia","http://earthquake.usgs.gov/earthquakes/eventpage/usb000r59a"
70.8438,139.7606,4.8,"172km N of Deputatskiy, Russia","http://earthquake.usgs.gov/earthquakes/eventpage/usc000r8g7"
49.75,155.9167,4.9,"104km S of Severo-Kuril'sk, Russia","http://earthquake.usgs.gov/earthquakes/eventpage/usc000r8ga"
40.0839,24.3442,4.4,"21km SSE of Karyes, Greece","http://earthquake.usgs.gov/earthquakes/eventpage/usc000r8gh"
50.9467,159.2992,4.5,"203km ESE of Ozernovskiy, Russia","http://earthquake.usgs.gov/earthquakes/eventpage/usc000r8z3"
54.9982,165.5624,4.9,"35km SW of Nikol'skoye, Russia","http://earthquake.usgs.gov/earthquakes/eventpage/usc000r9f6"
50.1866,12.3976,4.3,"3km NE of Skalna, Czech Republic","http://earthquake.usgs.gov/earthquakes/eventpage/usc000r9ff"
36.0489,-3.4091,4.5,"75km S of El Varadero, Spain","http://earthquake.usgs.gov/earthquakes/eventpage/usc000ra1b"
43.5518,45.4888,4.7,"3km SW of Kalinovskaya, Russia","http://earthquake.usgs.gov/earthquakes/eventpage/usc000ra1l"
60.2843,171.0106,4.8,"271km E of Tilichiki, Russia","http://earthquake.usgs.gov/earthquakes/eventpage/usc000ra4t"
39.8116,16.0028,4.1,"8km S of Mormanno, Italy","http://earthquake.usgs.gov/earthquakes/eventpage/usc000rb2w"
39.1713,23.7035,4.3,"5km NNW of Skopelos, Greece","http://earthquake.usgs.gov/earthquakes/eventpage/usc000rc1e"
39.8742,16.1169,4.4,"4km NNW of Morano Calabro, Italy","http://earthquake.usgs.gov/earthquakes/eventpage/usc000rc2y"
39.7756,24.0685,4.2,"30km SSE of Sikia, Greece","http://earthquake.usgs.gov/earthquakes/eventpage/usc000rc72"
38.3599,22.1492,4.8,"13km NNE of Aigion, Greece","http://earthquake.usgs.gov/earthquakes/eventpage/usc000rcqw"
46.2132,153.1512,4.9,"Kuril Islands","http://earthquake.usgs.gov/earthquakes/eventpage/usc000rcu1"
38.7111,20.5429,4.6,"14km W of Nidri, Greece","http://earthquake.usgs.gov/earthquakes/eventpage/usc000rey0"
41.4449,131.8928,4.1,"147km SSE of Zarubino, Russia","http://earthquake.usgs.gov/earthquakes/eventpage/usc000rfq0"
52.0603,159.8112,4.6,"135km SE of Petropavlovsk-Kamchatskiy, Russia","http://earthquake.usgs.gov/earthquakes/eventpage/usc000rfsc"
52.4534,158.2922,4.6,"53km S of Vilyuchinsk, Russia","http://earthquake.usgs.gov/earthquakes/eventpage/usc000rfsv"
43.8386,17.0654,4.1,"4km ENE of Livno, Bosnia and Herzegovina","http://earthquake.usgs.gov/earthquakes/eventpage/usb000rgw4"
36.3369,28.5826,4.4,"34km ESE of Rodos, Greece","http://earthquake.usgs.gov/earthquakes/eventpage/usc000riqb"
56.6616,121.4649,4.6,"194km E of Novaya Chara, Russia","http://earthquake.usgs.gov/earthquakes/eventpage/usc000rjey"
38.28,20.3676,4.1,"10km NNW of Lixourion, Greece","http://earthquake.usgs.gov/earthquakes/eventpage/usc000rk01"
38.3887,21.7623,4.5,"5km W of Nafpaktos, Greece","http://earthquake.usgs.gov/earthquakes/eventpage/usc000rlr5"
45.7252,151.2193,4.8,"266km ENE of Kuril'sk, Russia","http://earthquake.usgs.gov/earthquakes/eventpage/usc000rme6"
49.8291,87.5084,4.3,"12km NNE of Belyashi, Russia","http://earthquake.usgs.gov/earthquakes/eventpage/usc000rmji"
38.2132,25.098,4.8,"44km NNE of Andros, Greece","http://earthquake.usgs.gov/earthquakes/eventpage/usc000rmvt"
43.7262,148.1552,4.6,"115km E of Shikotan, Russia","http://earthquake.usgs.gov/earthquakes/eventpage/usc000rne1"
35.2073,27.8142,4.3,"63km ESE of Karpathos, Greece","http://earthquake.usgs.gov/earthquakes/eventpage/usc000rnid"
34.0641,25.5602,4.3,"106km S of Ierapetra, Greece","http://earthquake.usgs.gov/earthquakes/eventpage/usc000rnnt"
55.204,166.8322,4.6,"53km E of Nikol'skoye, Russia","http://earthquake.usgs.gov/earthquakes/eventpage/usc000rpx7"
63.2923,150.887,4.5,"90km WNW of Seymchan, Russia","http://earthquake.usgs.gov/earthquakes/eventpage/usc000rqf0"
55.0623,165.3005,4.9,"46km WSW of Nikol'skoye, Russia","http://earthquake.usgs.gov/earthquakes/eventpage/usb000rr8k"
36.8882,-3.9222,4.2,"8km SSW of Arenas del Rey, Spain","http://earthquake.usgs.gov/earthquakes/eventpage/usb000rrbl"
38.5252,23.7027,4.6,"6km E of Nea Artaki, Greece","http://earthquake.usgs.gov/earthquakes/eventpage/usb000rrzc"
40.8204,21.1647,4.5,"14km SSE of Krani, Macedonia","http://earthquake.usgs.gov/earthquakes/eventpage/usb000rsl5"
52.0513,160.6824,4.9,"176km SE of Petropavlovsk-Kamchatskiy, Russia","http://earthquake.usgs.gov/earthquakes/eventpage/usb000rt1l"
56.0296,163.0996,4.7,"44km ESE of Ust'-Kamchatsk Staryy, Russia","http://earthquake.usgs.gov/earthquakes/eventpage/usb000rt43"
53.4507,161.6196,4.4,"203km ENE of Petropavlovsk-Kamchatskiy, Russia","http://earthquake.usgs.gov/earthquakes/eventpage/usb000rtkp"
48.3274,154.681,4.7,"281km SSW of Severo-Kuril'sk, Russia","http://earthquake.usgs.gov/earthquakes/eventpage/usb000ruiu"
37.799,23.9716,4.2,"1km SSW of Keratea, Greece","http://earthquake.usgs.gov/earthquakes/eventpage/usb000rurh"
34.2421,26.1461,4.8,"90km SSE of Makry Gialos, Greece","http://earthquake.usgs.gov/earthquakes/eventpage/usb000rw3d"
48.983,-2.333,4.0,"28km SW of Saint Helier, Jersey","http://earthquake.usgs.gov/earthquakes/eventpage/usb000rwp1"
45.5664,150.9187,4.9,"240km E of Kuril'sk, Russia","http://earthquake.usgs.gov/earthquakes/eventpage/usb000rxj3"
53.4524,160.4132,4.4,"126km ENE of Petropavlovsk-Kamchatskiy, Russia","http://earthquake.usgs.gov/earthquakes/eventpage/usb000rzhr"
55.0629,165.4558,4.8,"37km WSW of Nikol'skoye, Russia","http://earthquake.usgs.gov/earthquakes/eventpage/usb000rzmq"
55.0771,165.4542,4.9,"36km WSW of Nikol'skoye, Russia","http://earthquake.usgs.gov/earthquakes/eventpage/usb000rzmr"
55.4963,162.7525,4.6,"83km SSE of Ust'-Kamchatsk Staryy, Russia","http://earthquake.usgs.gov/earthquakes/eventpage/usb000rznc"
38.7725,15.7908,4.1,"14km NW of Tropea, Italy","http://earthquake.usgs.gov/earthquakes/eventpage/usb000rzr8"
54.1738,159.7911,4.2,"144km NE of Yelizovo, Russia","http://earthquake.usgs.gov/earthquakes/eventpage/usb000s0mz"
48.5246,154.7899,4.6,"258km SSW of Severo-Kuril'sk, Russia","http://earthquake.usgs.gov/earthquakes/eventpage/usb000s129"
34.7715,24.8385,4.7,"31km S of Moirai, Greece","http://earthquake.usgs.gov/earthquakes/eventpage/usb000s1d3"
34.5059,28.3178,4.6,"150km SE of Karpathos, Greece","http://earthquake.usgs.gov/earthquakes/eventpage/usb000s2ds"
35.8369,28.2755,4.1,"36km SE of Lardos, Greece","http://earthquake.usgs.gov/earthquakes/eventpage/usb000s2l8"
57.4529,120.7933,4.8,"164km ENE of Chara, Russia","http://earthquake.usgs.gov/earthquakes/eventpage/usb000s3ds"
51.695,157.0697,4.6,"44km ENE of Ozernovskiy, Russia","http://earthquake.usgs.gov/earthquakes/eventpage/usb000s3gy"
53.0943,159.8749,4.3,"82km E of Petropavlovsk-Kamchatskiy, Russia","http://earthquake.usgs.gov/earthquakes/eventpage/usb000s3jr"
36.9349,-5.5504,4.5,"1km NNW of Puerto Serrano, Spain","http://earthquake.usgs.gov/earthquakes/eventpage/usb000s46p"
49.5655,154.8975,4.2,"151km SW of Severo-Kuril'sk, Russia","http://earthquake.usgs.gov/earthquakes/eventpage/usb000s4g4"
48.5923,155.3289,4.6,"239km SSW of Severo-Kuril'sk, Russia","http://earthquake.usgs.gov/earthquakes/eventpage/usb000s4te"
64.5751,-17.4639,4.8,"114km WNW of Hofn, Iceland","http://earthquake.usgs.gov/earthquakes/eventpage/usb000s569"
56.1296,162.4941,4.7,"10km S of Ust'-Kamchatsk Staryy, Russia","http://earthquake.usgs.gov/earthquakes/eventpage/usb000s59m"
64.5347,-17.7869,4.3,"128km S of Akureyri, Iceland","http://earthquake.usgs.gov/earthquakes/eventpage/usb000s5e5"
35.4181,27.7447,4.3,"49km ESE of Karpathos, Greece","http://earthquake.usgs.gov/earthquakes/eventpage/usb000s5f6"
39.939,23.444,4.2,"11km SW of Polikhronon, Greece","http://earthquake.usgs.gov/earthquakes/eventpage/usb000s57u"
64.7924,-17.3799,4.7,"104km SSE of Akureyri, Iceland","http://earthquake.usgs.gov/earthquakes/eventpage/usb000s5q5"
64.665,-17.505,4.2,"116km SSE of Akureyri, Iceland","http://earthquake.usgs.gov/earthquakes/eventpage/usb000s5qr"
64.4886,-17.8581,4.9,"130km WNW of Hofn, Iceland","http://earthquake.usgs.gov/earthquakes/eventpage/usb000s5t3"
45.5531,26.3116,4.2,"11km NW of Gura Teghii, Romania","http://earthquake.usgs.gov/earthquakes/eventpage/usb000s5t6"
64.5055,-17.5005,4.8,"114km WNW of Hofn, Iceland","http://earthquake.usgs.gov/earthquakes/eventpage/usb000s5v5"
46.4452,152.3556,4.6,"Kuril Islands","http://earthquake.usgs.gov/earthquakes/eventpage/usb000s5wm"
67.8713,142.018,4.5,"142km WSW of Druzhina, Russia","http://earthquake.usgs.gov/earthquakes/eventpage/usb000s63i"
67.7027,142.5266,4.9,"130km WSW of Druzhina, Russia","http://earthquake.usgs.gov/earthquakes/eventpage/usb000s657"
64.6244,-17.6635,4.5,"119km S of Akureyri, Iceland","http://earthquake.usgs.gov/earthquakes/eventpage/usc000s7ih"
47.0589,151.9662,4.8,"Kuril Islands","http://earthquake.usgs.gov/earthquakes/eventpage/usc000s8ct"
50.449,90.0967,4.3,"30km WNW of Mugur-Aksy, Russia","http://earthquake.usgs.gov/earthquakes/eventpage/usc000s8e1"
64.6494,-17.5174,4.7,"118km SSE of Akureyri, Iceland","http://earthquake.usgs.gov/earthquakes/eventpage/usc000s8hy"
64.5643,-17.8165,4.9,"125km S of Akureyri, Iceland","http://earthquake.usgs.gov/earthquakes/eventpage/usc000s8ng"
64.7171,-17.1226,4.5,"105km WNW of Hofn, Iceland","http://earthquake.usgs.gov/earthquakes/eventpage/usc000s8wn"
64.5494,-17.4004,4.5,"110km WNW of Hofn, Iceland","http://earthquake.usgs.gov/earthquakes/eventpage/usc000s8x0"
64.5893,-17.7535,4.6,"123km S of Akureyri, Iceland","http://earthquake.usgs.gov/earthquakes/eventpage/usc000s95r"
50.29,156.2213,4.9,"43km S of Severo-Kuril'sk, Russia","http://earthquake.usgs.gov/earthquakes/eventpage/usc000s9ze"
55.9023,114.0335,4.6,"46km SE of Severomuysk, Russia","http://earthquake.usgs.gov/earthquakes/eventpage/usb000s95c"
64.5704,-17.5498,4.3,"118km WNW of Hofn, Iceland","http://earthquake.usgs.gov/earthquakes/eventpage/usb000s9bx"
46.3733,150.255,4.2,"223km NE of Kuril'sk, Russia","http://earthquake.usgs.gov/earthquakes/eventpage/usb000s9c1"
37.6799,19.9361,4.6,"72km SW of Lixourion, Greece","http://earthquake.usgs.gov/earthquakes/eventpage/usb000sa4x"
44.0983,10.7808,4.3,"2km E of Cutigliano, Italy","http://earthquake.usgs.gov/earthquakes/eventpage/usb000sa55"
55.063,165.6223,4.6,"27km WSW of Nikol'skoye, Russia","http://earthquake.usgs.gov/earthquakes/eventpage/usb000sa9f"
64.6771,-17.8075,4.4,"112km S of Akureyri, Iceland","http://earthquake.usgs.gov/earthquakes/eventpage/usb000sa9k"
64.5077,-17.71,4.6,"124km WNW of Hofn, Iceland","http://earthquake.usgs.gov/earthquakes/eventpage/usb000sa9q"
64.6911,-17.6125,4.7,"112km SSE of Akureyri, Iceland","http://earthquake.usgs.gov/earthquakes/eventpage/usb000sacd"
64.6852,-17.0567,4.9,"101km WNW of Hofn, Iceland","http://earthquake.usgs.gov/earthquakes/eventpage/usb000sayy"
45.6066,26.526,4.7,"14km NNW of Lopatari, Romania","http://earthquake.usgs.gov/earthquakes/eventpage/usb000sb63"
34.5791,23.3235,4.4,"79km SSW of Palaiochora, Greece","http://earthquake.usgs.gov/earthquakes/eventpage/usb000sbza"
64.6083,-17.6589,4.6,"121km S of Akureyri, Iceland","http://earthquake.usgs.gov/earthquakes/eventpage/usb000sc0e"
34.0458,25.0656,4.2,"106km S of Pirgos, Greece","http://earthquake.usgs.gov/earthquakes/eventpage/usb000sc8j"
64.577,-17.6187,4.6,"121km WNW of Hofn, Iceland","http://earthquake.usgs.gov/earthquakes/eventpage/usb000scae"
61.5354,14.3896,4.7,"39km NNE of AElvdalen, Sweden","http://earthquake.usgs.gov/earthquakes/eventpage/usb000sci4"
64.5377,-17.9117,4.7,"128km S of Akureyri, Iceland","http://earthquake.usgs.gov/earthquakes/eventpage/usb000sczi"
40.8232,21.2951,4.6,"10km WNW of Florina, Greece","http://earthquake.usgs.gov/earthquakes/eventpage/usb000sdg1"
64.5235,-17.8576,4.6,"129km S of Akureyri, Iceland","http://earthquake.usgs.gov/earthquakes/eventpage/usb000sdl8"
-21.4488,168.9008,4.9,"106km E of Tadine, New Caledonia","http://earthquake.usgs.gov/earthquakes/eventpage/usb000sds8"
43.8535,146.3106,4.8,"33km W of Shikotan, Russia","http://earthquake.usgs.gov/earthquakes/eventpage/usb000sdvm"
38.3228,21.7727,4.5,"2km NNW of Rion, Greece","http://earthquake.usgs.gov/earthquakes/eventpage/usb000se89"
64.6203,-17.153,4.8,"102km WNW of Hofn, Iceland","http://earthquake.usgs.gov/earthquakes/eventpage/usb000seif"
64.7107,-17.4766,4.4,"112km SSE of Akureyri, Iceland","http://earthquake.usgs.gov/earthquakes/eventpage/usb000sem4"
38.3548,21.9762,4.3,"6km NNW of Kamarai, Greece","http://earthquake.usgs.gov/earthquakes/eventpage/usb000sem6"
34.1691,25.0657,4.1,"92km S of Pirgos, Greece","http://earthquake.usgs.gov/earthquakes/eventpage/usb000semj"
64.5974,-17.8009,4.3,"121km S of Akureyri, Iceland","http://earthquake.usgs.gov/earthquakes/eventpage/usb000sepa"
-15.4561,-178.5532,4.5,"134km SSW of Sigave, Wallis and Futuna","http://earthquake.usgs.gov/earthquakes/eventpage/usb000serk"
12.9051,-70.083,4.6,"31km N of Arasji, Aruba","http://earthquake.usgs.gov/earthquakes/eventpage/usb000sew7"
64.5821,-17.895,4.6,"123km S of Akureyri, Iceland","http://earthquake.usgs.gov/earthquakes/eventpage/usb000sexe"
64.7215,-17.4916,4.6,"110km SSE of Akureyri, Iceland","http://earthquake.usgs.gov/earthquakes/eventpage/usb000sf8l"
52.8479,158.9068,4.9,"28km SE of Petropavlovsk-Kamchatskiy, Russia","http://earthquake.usgs.gov/earthquakes/eventpage/usb000sffk"
64.6532,-17.4312,4.9,"115km WNW of Hofn, Iceland","http://earthquake.usgs.gov/earthquakes/eventpage/usb000sfh6"
64.65,-17.6518,4.9,"117km S of Akureyri, Iceland","http://earthquake.usgs.gov/earthquakes/eventpage/usb000sfqz"
64.527,-17.3936,4.8,"109km WNW of Hofn, Iceland","http://earthquake.usgs.gov/earthquakes/eventpage/usb000sfsh"
64.6038,-17.4272,4.7,"113km WNW of Hofn, Iceland","http://earthquake.usgs.gov/earthquakes/eventpage/usb000sfyc"
34.2368,25.1145,4.4,"84km S of Pirgos, Greece","http://earthquake.usgs.gov/earthquakes/eventpage/usb000sg7h"
64.5239,-17.3133,4.9,"105km WNW of Hofn, Iceland","http://earthquake.usgs.gov/earthquakes/eventpage/usb000sgfk"
34.2202,24.9988,4.4,"87km S of Pirgos, Greece","http://earthquake.usgs.gov/earthquakes/eventpage/usb000sghy"
64.5873,-17.8652,4.8,"122km S of Akureyri, Iceland","http://earthquake.usgs.gov/earthquakes/eventpage/usb000sgmz"
64.636,-17.5371,4.8,"119km SSE of Akureyri, Iceland","http://earthquake.usgs.gov/earthquakes/eventpage/usb000sgrt"
64.527,-17.9498,4.7,"129km S of Akureyri, Iceland","http://earthquake.usgs.gov/earthquakes/eventpage/usb000sgvl"
64.6706,-17.4876,4.9,"116km SSE of Akureyri, Iceland","http://earthquake.usgs.gov/earthquakes/eventpage/usb000sgyl"
64.6137,-17.8783,4.6,"119km S of Akureyri, Iceland","http://earthquake.usgs.gov/earthquakes/eventpage/usb000shc8"
64.5476,-17.4508,4.6,"113km WNW of Hofn, Iceland","http://earthquake.usgs.gov/earthquakes/eventpage/usb000shga"
43.0647,18.2413,4.5,"17km NE of Ljubinje, Bosnia and Herzegovina","http://earthquake.usgs.gov/earthquakes/eventpage/usb000shdf"
35.102,27.1509,4.1,"45km S of Karpathos, Greece","http://earthquake.usgs.gov/earthquakes/eventpage/usb000shi8"
64.5341,-17.863,4.4,"128km S of Akureyri, Iceland","http://earthquake.usgs.gov/earthquakes/eventpage/usb000shp1"
64.6597,-17.8384,4.6,"114km S of Akureyri, Iceland","http://earthquake.usgs.gov/earthquakes/eventpage/usb000shuf"
64.552,-17.6745,4.9,"123km WNW of Hofn, Iceland","http://earthquake.usgs.gov/earthquakes/eventpage/usb000si1b"
64.6229,-17.4568,4.6,"115km WNW of Hofn, Iceland","http://earthquake.usgs.gov/earthquakes/eventpage/usb000si2s"
64.6151,-17.4144,4.8,"113km WNW of Hofn, Iceland","http://earthquake.usgs.gov/earthquakes/eventpage/usb000sid1"
12.896,-70.1499,4.7,"32km NNW of Arasji, Aruba","http://earthquake.usgs.gov/earthquakes/eventpage/usb000sieq"
64.6064,-17.5592,4.7,"119km WNW of Hofn, Iceland","http://earthquake.usgs.gov/earthquakes/eventpage/usb000sih2"
35.9152,26.9732,4.3,"50km NNW of Karpathos, Greece","http://earthquake.usgs.gov/earthquakes/eventpage/usb000si68"
37.9672,21.7516,4.8,"14km SE of Kato Mazarakion, Greece","http://earthquake.usgs.gov/earthquakes/eventpage/usb000sihx"
37.368,22.228,4.5,"8km ESE of Megalopolis, Greece","http://earthquake.usgs.gov/earthquakes/eventpage/usb000sins"
64.4677,-17.5366,4.6,"114km WNW of Hofn, Iceland","http://earthquake.usgs.gov/earthquakes/eventpage/usb000sipc"
64.5281,-17.805,4.6,"128km WNW of Hofn, Iceland","http://earthquake.usgs.gov/earthquakes/eventpage/usb000siq7"
34.2313,25.09,4.3,"85km S of Pirgos, Greece","http://earthquake.usgs.gov/earthquakes/eventpage/usb000siq6"
64.6265,-17.5998,4.9,"120km S of Akureyri, Iceland","http://earthquake.usgs.gov/earthquakes/eventpage/usb000sird"
35.0959,26.2361,4.9,"11km S of Palaikastron, Greece","http://earthquake.usgs.gov/earthquakes/eventpage/usb000sirk"
64.6282,-17.6651,4.7,"119km S of Akureyri, Iceland","http://earthquake.usgs.gov/earthquakes/eventpage/usb000sit7"
64.6236,-17.5521,4.4,"120km SSE of Akureyri, Iceland","http://earthquake.usgs.gov/earthquakes/eventpage/usb000siw5"
64.5407,-17.5775,4.5,"118km WNW of Hofn, Iceland","http://earthquake.usgs.gov/earthquakes/eventpage/usb000siy5"
49.8644,153.4888,4.3,"208km WSW of Severo-Kuril'sk, Russia","http://earthquake.usgs.gov/earthquakes/eventpage/usb000sj06"
62.9476,172.1848,4.5,"Chukotskiy Avtonomnyy Okrug, Russia","http://earthquake.usgs.gov/earthquakes/eventpage/usb000sj0p"
62.9806,172.3827,4.5,"Chukotskiy Avtonomnyy Okrug, Russia","http://earthquake.usgs.gov/earthquakes/eventpage/usb000sj1b"
64.6583,-17.4518,4.6,"117km WNW of Hofn, Iceland","http://earthquake.usgs.gov/earthquakes/eventpage/usb000sj57"
-21.4698,171.4525,4.8,"120km NNW of Ile Hunter, New Caledonia","http://earthquake.usgs.gov/earthquakes/eventpage/usb000sjpg"
64.6026,-17.5063,4.7,"117km WNW of Hofn, Iceland","http://earthquake.usgs.gov/earthquakes/eventpage/usb000sjzr"
64.5762,-17.3815,4.8,"110km WNW of Hofn, Iceland","http://earthquake.usgs.gov/earthquakes/eventpage/usb000sk73"
64.6009,-17.5025,4.8,"117km WNW of Hofn, Iceland","http://earthquake.usgs.gov/earthquakes/eventpage/usb000skft"
64.5625,-17.5355,4.4,"117km WNW of Hofn, Iceland","http://earthquake.usgs.gov/earthquakes/eventpage/usb000skis"
64.6592,-16.5447,4.8,"78km NW of Hofn, Iceland","http://earthquake.usgs.gov/earthquakes/eventpage/usb000skmw"
64.7391,-17.6079,4.7,"107km SSE of Akureyri, Iceland","http://earthquake.usgs.gov/earthquakes/eventpage/usb000skw0"
-22.8648,172.7812,4.6,"91km SE of Ile Hunter, New Caledonia","http://earthquake.usgs.gov/earthquakes/eventpage/usb000skxg"
45.2843,150.2795,4.6,"188km E of Kuril'sk, Russia","http://earthquake.usgs.gov/earthquakes/eventpage/usb000skxq"
64.6315,-17.6304,4.5,"119km S of Akureyri, Iceland","http://earthquake.usgs.gov/earthquakes/eventpage/usb000sky5"
64.664,-17.4318,4.7,"116km WNW of Hofn, Iceland","http://earthquake.usgs.gov/earthquakes/eventpage/usb000sl1m"
-23.046,172.8707,4.7,"110km SE of Ile Hunter, New Caledonia","http://earthquake.usgs.gov/earthquakes/eventpage/usb000sl2w"
64.5914,-17.5475,4.6,"118km WNW of Hofn, Iceland","http://earthquake.usgs.gov/earthquakes/eventpage/usb000sl4h"
-15.5808,-177.9567,4.2,"143km S of Sigave, Wallis and Futuna","http://earthquake.usgs.gov/earthquakes/eventpage/usb000sl8k"
64.6266,-17.4001,4.6,"113km WNW of Hofn, Iceland","http://earthquake.usgs.gov/earthquakes/eventpage/usb000sl9c"
64.6285,-17.9295,4.7,"117km S of Akureyri, Iceland","http://earthquake.usgs.gov/earthquakes/eventpage/usb000sldt"
55.5527,160.614,4.5,"127km ESE of Esso, Russia","http://earthquake.usgs.gov/earthquakes/eventpage/usb000slg7"
64.622,-17.4345,4.6,"114km WNW of Hofn, Iceland","http://earthquake.usgs.gov/earthquakes/eventpage/usb000slil"
64.5621,-17.8399,4.5,"125km S of Akureyri, Iceland","http://earthquake.usgs.gov/earthquakes/eventpage/usb000slmi"
64.6384,-17.4962,4.6,"118km WNW of Hofn, Iceland","http://earthquake.usgs.gov/earthquakes/eventpage/usb000sm1f"
64.6413,-17.4799,4.6,"117km WNW of Hofn, Iceland","http://earthquake.usgs.gov/earthquakes/eventpage/usb000sm7i"
44.5399,148.9507,4.8,"114km SE of Kuril'sk, Russia","http://earthquake.usgs.gov/earthquakes/eventpage/usb000smbh"
64.6265,-17.3141,4.8,"109km WNW of Hofn, Iceland","http://earthquake.usgs.gov/earthquakes/eventpage/usb000smpm"
35.4517,26.5239,4.6,"37km NE of Palaikastron, Greece","http://earthquake.usgs.gov/earthquakes/eventpage/usb000smqw"
64.6413,-17.4198,4.6,"114km WNW of Hofn, Iceland","http://earthquake.usgs.gov/earthquakes/eventpage/usb000smwn"
37.8798,21.44,4.6,"5km ENE of Sinoikismos Khavarion, Greece","http://earthquake.usgs.gov/earthquakes/eventpage/usb000smye"
49.3632,155.4758,4.6,"153km SSW of Severo-Kuril'sk, Russia","http://earthquake.usgs.gov/earthquakes/eventpage/usb000smzf"
64.5061,-17.9413,4.5,"131km S of Akureyri, Iceland","http://earthquake.usgs.gov/earthquakes/eventpage/usb000sn71"
64.566,-18.6945,4.4,"127km SSW of Akureyri, Iceland","http://earthquake.usgs.gov/earthquakes/eventpage/usb000sn9i"
64.6431,-17.5851,4.6,"118km SSE of Akureyri, Iceland","http://earthquake.usgs.gov/earthquakes/eventpage/usb000snca"
64.5543,-17.7199,4.6,"125km WNW of Hofn, Iceland","http://earthquake.usgs.gov/earthquakes/eventpage/usb000snq5"
55.4129,160.5709,4.5,"131km ESE of Esso, Russia","http://earthquake.usgs.gov/earthquakes/eventpage/usb000sntd"
44.564,149.1609,4.7,"125km SE of Kuril'sk, Russia","http://earthquake.usgs.gov/earthquakes/eventpage/usb000snul"
64.5774,-17.7226,4.5,"124km S of Akureyri, Iceland","http://earthquake.usgs.gov/earthquakes/eventpage/usb000snwq"
64.7647,-17.4461,4.8,"106km SSE of Akureyri, Iceland","http://earthquake.usgs.gov/earthquakes/eventpage/usb000snye"
64.6433,-17.5098,4.5,"119km SSE of Akureyri, Iceland","http://earthquake.usgs.gov/earthquakes/eventpage/usb000sp06"
64.606,-17.5251,4.6,"118km WNW of Hofn, Iceland","http://earthquake.usgs.gov/earthquakes/eventpage/usb000sp3a"
64.6103,-17.4394,4.3,"114km WNW of Hofn, Iceland","http://earthquake.usgs.gov/earthquakes/eventpage/usb000sp3u"
64.6441,-17.4954,4.6,"118km WNW of Hofn, Iceland","http://earthquake.usgs.gov/earthquakes/eventpage/usb000sp4p"
64.6226,-17.5229,4.6,"118km WNW of Hofn, Iceland","http://earthquake.usgs.gov/earthquakes/eventpage/usb000sp5p"
64.5873,-17.2231,4.6,"103km WNW of Hofn, Iceland","http://earthquake.usgs.gov/earthquakes/eventpage/usb000sp5z"
64.6582,-17.6716,4.5,"115km S of Akureyri, Iceland","http://earthquake.usgs.gov/earthquakes/eventpage/usb000spbs"
64.5508,-17.9171,4.6,"126km S of Akureyri, Iceland","http://earthquake.usgs.gov/earthquakes/eventpage/usb000spjr"
64.6154,-17.4978,4.6,"117km WNW of Hofn, Iceland","http://earthquake.usgs.gov/earthquakes/eventpage/usb000spe2"
64.5361,-17.6518,4.6,"121km WNW of Hofn, Iceland","http://earthquake.usgs.gov/earthquakes/eventpage/usb000spp7"
64.5807,-17.3011,4.8,"107km WNW of Hofn, Iceland","http://earthquake.usgs.gov/earthquakes/eventpage/usb000sppg"
64.6102,-17.5248,4.6,"118km WNW of Hofn, Iceland","http://earthquake.usgs.gov/earthquakes/eventpage/usb000spqd"
64.5786,-17.4135,4.7,"112km WNW of Hofn, Iceland","http://earthquake.usgs.gov/earthquakes/eventpage/usb000spz1"
64.6895,-17.4709,4.6,"114km SSE of Akureyri, Iceland","http://earthquake.usgs.gov/earthquakes/eventpage/usb000sq7m"
64.6953,-17.1178,4.8,"104km WNW of Hofn, Iceland","http://earthquake.usgs.gov/earthquakes/eventpage/usb000sqa9"
64.7133,-17.5255,4.6,"111km SSE of Akureyri, Iceland","http://earthquake.usgs.gov/earthquakes/eventpage/usb000sqac"
64.5998,-17.4282,4.5,"113km WNW of Hofn, Iceland","http://earthquake.usgs.gov/earthquakes/eventpage/usb000sqj3"
64.6599,-17.458,4.6,"117km SSE of Akureyri, Iceland","http://earthquake.usgs.gov/earthquakes/eventpage/usb000sqnj"
34.2849,24.9282,4.3,"81km SSW of Pirgos, Greece","http://earthquake.usgs.gov/earthquakes/eventpage/usb000sqnq"
44.2096,147.5896,4.5,"83km ENE of Shikotan, Russia","http://earthquake.usgs.gov/earthquakes/eventpage/usb000sqnx"
64.4907,-18.0789,4.8,"128km NNE of Vik, Iceland","http://earthquake.usgs.gov/earthquakes/eventpage/usb000sqtg"
64.4353,-17.6738,4.8,"120km W of Hofn, Iceland","http://earthquake.usgs.gov/earthquakes/eventpage/usb000sr1t"
64.5345,-17.6674,4.7,"122km WNW of Hofn, Iceland","http://earthquake.usgs.gov/earthquakes/eventpage/usb000sr1w"
64.488,-17.4913,4.4,"113km WNW of Hofn, Iceland","http://earthquake.usgs.gov/earthquakes/eventpage/usb000sr36"
50.6129,156.3369,4.3,"16km ESE of Severo-Kuril'sk, Russia","http://earthquake.usgs.gov/earthquakes/eventpage/usb000sr3n"
63.4722,-19.9227,4.7,"17km E of Vestmannaeyjar, Iceland","http://earthquake.usgs.gov/earthquakes/eventpage/usb000srar"
64.501,-17.8917,4.5,"132km S of Akureyri, Iceland","http://earthquake.usgs.gov/earthquakes/eventpage/usb000srkr"
64.5568,-17.3098,4.5,"106km WNW of Hofn, Iceland","http://earthquake.usgs.gov/earthquakes/eventpage/usb000srla"
64.6229,-17.4998,4.6,"117km WNW of Hofn, Iceland","http://earthquake.usgs.gov/earthquakes/eventpage/usb000srm5"
64.6054,-17.4678,4.6,"115km WNW of Hofn, Iceland","http://earthquake.usgs.gov/earthquakes/eventpage/usb000sre6"
64.4847,-17.7548,4.6,"125km WNW of Hofn, Iceland","http://earthquake.usgs.gov/earthquakes/eventpage/usb000srtp"
64.5566,-17.5207,4.6,"116km WNW of Hofn, Iceland","http://earthquake.usgs.gov/earthquakes/eventpage/usc000st7t"
45.1794,22.2578,4.2,"3km NNW of Teregova, Romania","http://earthquake.usgs.gov/earthquakes/eventpage/usc000st9z"
52.5834,101.2923,4.6,"99km E of Orlik, Russia","http://earthquake.usgs.gov/earthquakes/eventpage/usc000sta9"
64.6315,-17.8699,4.5,"117km S of Akureyri, Iceland","http://earthquake.usgs.gov/earthquakes/eventpage/usc000stfe"
64.6194,-17.7924,4.3,"119km S of Akureyri, Iceland","http://earthquake.usgs.gov/earthquakes/eventpage/usc000sthj"
45.5715,26.4019,4.3,"9km N of Gura Teghii, Romania","http://earthquake.usgs.gov/earthquakes/eventpage/usc000stnd"
64.5266,-17.8125,4.7,"129km S of Akureyri, Iceland","http://earthquake.usgs.gov/earthquakes/eventpage/usc000stsk"
38.0245,20.2753,4.4,"23km SW of Lixourion, Greece","http://earthquake.usgs.gov/earthquakes/eventpage/usc000sujd"
64.657,-17.7218,4.7,"115km S of Akureyri, Iceland","http://earthquake.usgs.gov/earthquakes/eventpage/usc000sudf"
64.4131,-17.8623,4.5,"124km NNE of Vik, Iceland","http://earthquake.usgs.gov/earthquakes/eventpage/usc000suxx"
38.3635,22.2373,4.9,"17km WSW of Itea, Greece","http://earthquake.usgs.gov/earthquakes/eventpage/usc000svfn"
64.6064,-17.7601,4.5,"121km S of Akureyri, Iceland","http://earthquake.usgs.gov/earthquakes/eventpage/usc000svka"
64.5703,-17.1362,4.7,"99km WNW of Hofn, Iceland","http://earthquake.usgs.gov/earthquakes/eventpage/usc000svr3"
64.5095,-17.6381,4.4,"120km WNW of Hofn, Iceland","http://earthquake.usgs.gov/earthquakes/eventpage/usc000svsk"
34.5797,26.5362,4.4,"73km SE of Makry Gialos, Greece","http://earthquake.usgs.gov/earthquakes/eventpage/usc000svx4"
45.572,150.8684,4.5,"236km E of Kuril'sk, Russia","http://earthquake.usgs.gov/earthquakes/eventpage/usc000svzh"
64.6938,-17.763,4.9,"111km S of Akureyri, Iceland","http://earthquake.usgs.gov/earthquakes/eventpage/usc000sw5b"
64.4853,-17.5595,4.6,"116km WNW of Hofn, Iceland","http://earthquake.usgs.gov/earthquakes/eventpage/usc000sw62"
64.678,-17.7023,4.5,"113km S of Akureyri, Iceland","http://earthquake.usgs.gov/earthquakes/eventpage/usc000sw6j"
64.7171,-17.9403,4.5,"107km S of Akureyri, Iceland","http://earthquake.usgs.gov/earthquakes/eventpage/usc000swdi"
64.7017,-17.9364,4.6,"109km S of Akureyri, Iceland","http://earthquake.usgs.gov/earthquakes/eventpage/usc000swt9"
38.415,20.357,4.4,"24km NNW of Lixourion, Greece","http://earthquake.usgs.gov/earthquakes/eventpage/usc000sww7"
64.6256,-17.9628,4.5,"118km S of Akureyri, Iceland","http://earthquake.usgs.gov/earthquakes/eventpage/usc000sx3j"
64.637,-17.5207,4.6,"119km SSE of Akureyri, Iceland","http://earthquake.usgs.gov/earthquakes/eventpage/usc000sx64"
64.5228,-17.6594,4.5,"122km WNW of Hofn, Iceland","http://earthquake.usgs.gov/earthquakes/eventpage/usc000sxky"
46.2122,150.3574,4.7,"221km ENE of Kuril'sk, Russia","http://earthquake.usgs.gov/earthquakes/eventpage/usc000sxs8"
64.5302,-17.8036,4.4,"128km WNW of Hofn, Iceland","http://earthquake.usgs.gov/earthquakes/eventpage/usc000sxve"
56.0122,163.6206,4.5,"75km ESE of Ust'-Kamchatsk Staryy, Russia","http://earthquake.usgs.gov/earthquakes/eventpage/usc000sy5h"
54.1705,169.2155,4.7,"237km ESE of Nikol'skoye, Russia","http://earthquake.usgs.gov/earthquakes/eventpage/usc000syem"
64.6127,-17.4117,4.6,"113km WNW of Hofn, Iceland","http://earthquake.usgs.gov/earthquakes/eventpage/usc000syir"
64.5451,-17.8154,4.3,"127km S of Akureyri, Iceland","http://earthquake.usgs.gov/earthquakes/eventpage/usc000syjv"
64.4821,-17.7813,4.5,"126km WNW of Hofn, Iceland","http://earthquake.usgs.gov/earthquakes/eventpage/usc000syps"
64.3899,-17.5475,4.4,"114km W of Hofn, Iceland","http://earthquake.usgs.gov/earthquakes/eventpage/usb000sy3n"
64.5922,-17.6722,4.5,"123km S of Akureyri, Iceland","http://earthquake.usgs.gov/earthquakes/eventpage/usb000sy47"
64.7117,-17.5983,4.4,"110km SSE of Akureyri, Iceland","http://earthquake.usgs.gov/earthquakes/eventpage/usb000sy6b"
64.5447,-17.6331,4.4,"121km WNW of Hofn, Iceland","http://earthquake.usgs.gov/earthquakes/eventpage/usb000syfr"
48.6241,154.6204,4.7,"253km SSW of Severo-Kuril'sk, Russia","http://earthquake.usgs.gov/earthquakes/eventpage/usb000sym0"
64.6703,-16.7827,4.6,"88km WNW of Hofn, Iceland","http://earthquake.usgs.gov/earthquakes/eventpage/usb000syr8"
64.6784,-17.5573,4.4,"114km SSE of Akureyri, Iceland","http://earthquake.usgs.gov/earthquakes/eventpage/usb000sz3j"
64.4893,-17.5574,4.9,"116km WNW of Hofn, Iceland","http://earthquake.usgs.gov/earthquakes/eventpage/usb000sz8w"
43.0965,45.8567,4.6,"8km ESE of Novyye Atagi, Russia","http://earthquake.usgs.gov/earthquakes/eventpage/usb000szma"
64.4436,-17.4469,4.4,"110km WNW of Hofn, Iceland","http://earthquake.usgs.gov/earthquakes/eventpage/usb000szu2"
64.4529,-17.8155,4.5,"127km W of Hofn, Iceland","http://earthquake.usgs.gov/earthquakes/eventpage/usb000t03a"
64.5232,-17.7204,4.6,"124km WNW of Hofn, Iceland","http://earthquake.usgs.gov/earthquakes/eventpage/usb000t08k"
64.6078,-17.7086,4.5,"121km S of Akureyri, Iceland","http://earthquake.usgs.gov/earthquakes/eventpage/usb000t0hu"
45.3376,151.3159,4.9,"269km E of Kuril'sk, Russia","http://earthquake.usgs.gov/earthquakes/eventpage/usb000t0lm"
64.6618,-17.3667,4.8,"113km WNW of Hofn, Iceland","http://earthquake.usgs.gov/earthquakes/eventpage/usb000t0tz"
64.4799,-17.7768,4.6,"126km WNW of Hofn, Iceland","http://earthquake.usgs.gov/earthquakes/eventpage/usb000t11k"
64.4721,-17.2334,4.5,"100km WNW of Hofn, Iceland","http://earthquake.usgs.gov/earthquakes/eventpage/usb000t124"
-21.6754,169.6852,4.7,"187km E of Tadine, New Caledonia","http://earthquake.usgs.gov/earthquakes/eventpage/usb000t12k"
64.609,-17.2147,4.6,"104km WNW of Hofn, Iceland","http://earthquake.usgs.gov/earthquakes/eventpage/usb000t15f"
64.5224,-17.7989,4.5,"128km WNW of Hofn, Iceland","http://earthquake.usgs.gov/earthquakes/eventpage/usb000t1bj"
64.4866,-17.8054,4.6,"128km WNW of Hofn, Iceland","http://earthquake.usgs.gov/earthquakes/eventpage/usb000t1bl"
64.5695,-17.7624,4.6,"125km S of Akureyri, Iceland","http://earthquake.usgs.gov/earthquakes/eventpage/usb000t1cm"
51.26,19.07,4.1,"8km SSW of Szczercow, Poland","http://earthquake.usgs.gov/earthquakes/eventpage/usb000t1ew"
64.6982,-17.4671,4.5,"113km SSE of Akureyri, Iceland","http://earthquake.usgs.gov/earthquakes/eventpage/usb000t1hd"
34.9343,26.6959,4.1,"50km SE of Palaikastron, Greece","http://earthquake.usgs.gov/earthquakes/eventpage/usb000t1zg"
40.2195,25.1559,4.6,"38km N of Myrina, Greece","http://earthquake.usgs.gov/earthquakes/eventpage/usb000t2as"
54.0201,160.2346,4.6,"151km NE of Petropavlovsk-Kamchatskiy, Russia","http://earthquake.usgs.gov/earthquakes/eventpage/usb000t2av"
38.6094,26.1146,4.6,"14km NW of Oinoussai, Greece","http://earthquake.usgs.gov/earthquakes/eventpage/usc000t3u7"
64.7287,-17.756,4.6,"107km S of Akureyri, Iceland","http://earthquake.usgs.gov/earthquakes/eventpage/usc000t3ws"
40.9774,19.8788,5.1,"10km SW of Cerrik, Albania","http://earthquake.usgs.gov/earthquakes/eventpage/usb000qu5r"
56.0764,113.9536,5.4,"33km ESE of Severomuysk, Russia","http://earthquake.usgs.gov/earthquakes/eventpage/usb000r1sc"
54.9913,165.6041,5.4,"33km SW of Nikol'skoye, Russia","http://earthquake.usgs.gov/earthquakes/eventpage/usc000r9el"
34.5246,24.5732,5.1,"62km SSW of Tympakion, Greece","http://earthquake.usgs.gov/earthquakes/eventpage/usc000r9tn"
50.7093,157.1119,5.6,"69km E of Severo-Kuril'sk, Russia","http://earthquake.usgs.gov/earthquakes/eventpage/usc000rche"
34.7604,28.3701,5.0,"134km SE of Karpathos, Greece","http://earthquake.usgs.gov/earthquakes/eventpage/usc000rdrr"
35.4012,27.0805,5.0,"16km SW of Karpathos, Greece","http://earthquake.usgs.gov/earthquakes/eventpage/usc000retx"
55.2981,166.8682,5.8,"56km ENE of Nikol'skoye, Russia","http://earthquake.usgs.gov/earthquakes/eventpage/usc000rpu4"
55.2063,166.9197,5.9,"59km E of Nikol'skoye, Russia","http://earthquake.usgs.gov/earthquakes/eventpage/usc000rpw8"
46.217,150.587,5.0,"237km ENE of Kuril'sk, Russia","http://earthquake.usgs.gov/earthquakes/eventpage/usb000rtyk"
43.5234,147.3025,5.1,"56km ESE of Shikotan, Russia","http://earthquake.usgs.gov/earthquakes/eventpage/usb000rxg5"
39.9151,23.4427,5.1,"13km SSW of Polikhronon, Greece","http://earthquake.usgs.gov/earthquakes/eventpage/usb000s57w"
64.6856,-17.3507,5.3,"113km WNW of Hofn, Iceland","http://earthquake.usgs.gov/earthquakes/eventpage/usb000s5s0"
64.5866,-17.3138,5.3,"108km WNW of Hofn, Iceland","http://earthquake.usgs.gov/earthquakes/eventpage/usb000s5wd"
64.4491,-17.8233,4.9,"128km W of Hofn, Iceland","http://earthquake.usgs.gov/earthquakes/eventpage/usb000s61f"
64.6653,-17.4995,5.7,"116km SSE of Akureyri, Iceland","http://earthquake.usgs.gov/earthquakes/eventpage/usb000s65z"
64.5338,-17.4264,5.2,"111km WNW of Hofn, Iceland","http://earthquake.usgs.gov/earthquakes/eventpage/usc000s7al"
64.6794,-17.0483,5.6,"100km WNW of Hofn, Iceland","http://earthquake.usgs.gov/earthquakes/eventpage/usc000s7bm"
64.6762,-17.239,5.0,"108km WNW of Hofn, Iceland","http://earthquake.usgs.gov/earthquakes/eventpage/usc000s7ks"
36.7383,23.7572,5.6,"60km W of Adamas, Greece","http://earthquake.usgs.gov/earthquakes/eventpage/usc000s7wh"
64.7705,-17.3355,5.2,"107km SSE of Akureyri, Iceland","http://earthquake.usgs.gov/earthquakes/eventpage/usc000s7zs"
64.5667,-17.3089,5.3,"107km WNW of Hofn, Iceland","http://earthquake.usgs.gov/earthquakes/eventpage/usc000s88v"
64.7232,-17.3895,5.1,"111km SSE of Akureyri, Iceland","http://earthquake.usgs.gov/earthquakes/eventpage/usc000s8gd"
64.6431,-17.4059,5.2,"114km WNW of Hofn, Iceland","http://earthquake.usgs.gov/earthquakes/eventpage/usc000s8ny"
64.769,-17.2934,5.2,"108km SSE of Akureyri, Iceland","http://earthquake.usgs.gov/earthquakes/eventpage/usc000s96j"
40.1499,24.8338,5.0,"36km NW of Myrina, Greece","http://earthquake.usgs.gov/earthquakes/eventpage/usb000s968"
64.6947,-17.1161,5.2,"104km WNW of Hofn, Iceland","http://earthquake.usgs.gov/earthquakes/eventpage/usb000s9cv"
64.7173,-17.4242,5.0,"112km SSE of Akureyri, Iceland","http://earthquake.usgs.gov/earthquakes/eventpage/usb000s9va"
64.5744,-17.5384,5.2,"117km WNW of Hofn, Iceland","http://earthquake.usgs.gov/earthquakes/eventpage/usb000sa3x"
64.6229,-17.5156,5.4,"118km WNW of Hofn, Iceland","http://earthquake.usgs.gov/earthquakes/eventpage/usb000sal7"
-21.4773,169.1454,5.0,"131km E of Tadine, New Caledonia","http://earthquake.usgs.gov/earthquakes/eventpage/usb000sb2b"
64.6492,-17.0039,5.1,"97km WNW of Hofn, Iceland","http://earthquake.usgs.gov/earthquakes/eventpage/usb000sb8r"
64.7175,-17.3038,5.1,"113km SSE of Akureyri, Iceland","http://earthquake.usgs.gov/earthquakes/eventpage/usb000sbh0"
64.6548,-17.6232,5.0,"116km S of Akureyri, Iceland","http://earthquake.usgs.gov/earthquakes/eventpage/usb000sc2f"
64.5382,-17.355,5.3,"108km WNW of Hofn, Iceland","http://earthquake.usgs.gov/earthquakes/eventpage/usb000scfz"
14.4368,-60.0916,5.4,"81km E of Le Vauclin, Martinique","http://earthquake.usgs.gov/earthquakes/eventpage/usb000scr4"
45.0796,147.041,5.3,"68km WSW of Kuril'sk, Russia","http://earthquake.usgs.gov/earthquakes/eventpage/usb000sd3y"
64.6268,-17.2952,5.1,"108km WNW of Hofn, Iceland","http://earthquake.usgs.gov/earthquakes/eventpage/usb000sd7k"
64.7941,-16.9484,5.0,"102km NW of Hofn, Iceland","http://earthquake.usgs.gov/earthquakes/eventpage/usb000sdyi"
64.641,-17.0593,5.0,"99km WNW of Hofn, Iceland","http://earthquake.usgs.gov/earthquakes/eventpage/usb000sees"
38.3786,21.7997,5.2,"2km WSW of Nafpaktos, Greece","http://earthquake.usgs.gov/earthquakes/eventpage/usb000selq"
64.5466,-17.3405,5.1,"107km WNW of Hofn, Iceland","http://earthquake.usgs.gov/earthquakes/eventpage/usb000sepm"
64.5679,-17.4124,5.1,"111km WNW of Hofn, Iceland","http://earthquake.usgs.gov/earthquakes/eventpage/usb000sf5v"
64.5433,-17.1927,5.3,"101km WNW of Hofn, Iceland","http://earthquake.usgs.gov/earthquakes/eventpage/usb000sh06"
52.3797,157.9849,5.7,"65km SSW of Paratunka, Russia","http://earthquake.usgs.gov/earthquakes/eventpage/usb000si49"
34.4494,26.2677,5.1,"71km SSE of Makry Gialos, Greece","http://earthquake.usgs.gov/earthquakes/eventpage/usb000simv"
44.6198,147.9733,5.0,"68km S of Kuril'sk, Russia","http://earthquake.usgs.gov/earthquakes/eventpage/usb000sip0"
64.5118,-17.2791,5.0,"103km WNW of Hofn, Iceland","http://earthquake.usgs.gov/earthquakes/eventpage/usb000siz3"
64.506,-17.0157,5.3,"91km WNW of Hofn, Iceland","http://earthquake.usgs.gov/earthquakes/eventpage/usb000sjhk"
44.2389,149.0501,5.2,"144km SE of Kuril'sk, Russia","http://earthquake.usgs.gov/earthquakes/eventpage/usb000skl2"
64.5254,-17.6766,5.1,"122km WNW of Hofn, Iceland","http://earthquake.usgs.gov/earthquakes/eventpage/usb000sl8u"
44.0873,149.1119,5.0,"160km SE of Kuril'sk, Russia","http://earthquake.usgs.gov/earthquakes/eventpage/usb000smc8"
64.4468,-18.0435,5.1,"124km NNE of Vik, Iceland","http://earthquake.usgs.gov/earthquakes/eventpage/usb000smcv"
64.7223,-17.2645,5.0,"111km WNW of Hofn, Iceland","http://earthquake.usgs.gov/earthquakes/eventpage/usb000snsb"
64.7223,-17.2645,5.0,"111km WNW of Hofn, Iceland","http://earthquake.usgs.gov/earthquakes/eventpage/usb000snsb"
64.4963,-16.9889,5.2,"90km WNW of Hofn, Iceland","http://earthquake.usgs.gov/earthquakes/eventpage/usb000spe3"
38.9307,21.1505,5.2,"3km SW of Krikellos, Greece","http://earthquake.usgs.gov/earthquakes/eventpage/usb000sqgd"
64.6685,-17.3954,5.0,"114km WNW of Hofn, Iceland","http://earthquake.usgs.gov/earthquakes/eventpage/usb000sqgw"
64.5533,-17.3701,5.0,"109km WNW of Hofn, Iceland","http://earthquake.usgs.gov/earthquakes/eventpage/usb000sqpv"
64.5175,-17.5638,5.0,"117km WNW of Hofn, Iceland","http://earthquake.usgs.gov/earthquakes/eventpage/usb000srwk"
64.6598,-17.8587,5.1,"114km S of Akureyri, Iceland","http://earthquake.usgs.gov/earthquakes/eventpage/usc000st92"
64.5693,-16.9655,5.2,"91km WNW of Hofn, Iceland","http://earthquake.usgs.gov/earthquakes/eventpage/usc000stie"
64.6022,-17.5846,5.2,"120km WNW of Hofn, Iceland","http://earthquake.usgs.gov/earthquakes/eventpage/usc000svaq"
38.0901,20.3717,5.1,"13km SSW of Lixourion, Greece","http://earthquake.usgs.gov/earthquakes/eventpage/usc000svav"
38.1338,20.3847,5.2,"8km SSW of Lixourion, Greece","http://earthquake.usgs.gov/earthquakes/eventpage/usc000svrp"
64.6548,-17.173,5.0,"104km WNW of Hofn, Iceland","http://earthquake.usgs.gov/earthquakes/eventpage/usc000svwg"
45.2151,150.9327,5.7,"239km E of Kuril'sk, Russia","http://earthquake.usgs.gov/earthquakes/eventpage/usc000sx7c"
52.3436,160.8795,5.0,"169km ESE of Petropavlovsk-Kamchatskiy, Russia","http://earthquake.usgs.gov/earthquakes/eventpage/usc000sx7m"
64.5332,-17.2343,5.2,"102km WNW of Hofn, Iceland","http://earthquake.usgs.gov/earthquakes/eventpage/usc000sx8r"
64.6287,-17.7279,5.1,"118km S of Akureyri, Iceland","http://earthquake.usgs.gov/earthquakes/eventpage/usc000sxqj"
38.6957,23.4156,5.4,"7km SW of Prokopion, Greece","http://earthquake.usgs.gov/earthquakes/eventpage/usc000syak"
38.6969,23.2787,5.3,"8km SSW of Limni, Greece","http://earthquake.usgs.gov/earthquakes/eventpage/usc000syb1"
45.8652,27.1584,5.5,"4km ENE of Tifesti, Romania","http://earthquake.usgs.gov/earthquakes/eventpage/usb000sz38"
64.5876,-17.6645,5.2,"123km S of Akureyri, Iceland","http://earthquake.usgs.gov/earthquakes/eventpage/usb000szhs"
48.856,154.0627,5.0,"251km SW of Severo-Kuril'sk, Russia","http://earthquake.usgs.gov/earthquakes/eventpage/usb000t08d"
64.5527,-17.4482,5.0,"113km WNW of Hofn, Iceland","http://earthquake.usgs.gov/earthquakes/eventpage/usb000t1iw"
64.6854,-17.8405,5.0,"111km S of Akureyri, Iceland","http://earthquake.usgs.gov/earthquakes/eventpage/usb000t203"
64.5588,-17.5657,5.1,"118km WNW of Hofn, Iceland","http://earthquake.usgs.gov/earthquakes/eventpage/usc000t455"
38.8739,26.2633,5.3,"14km SW of Plomarion, Greece","http://earthquake.usgs.gov/earthquakes/eventpage/usc000t478"
40.3046,25.4532,6.9,"19km S of Kamariotissa, Greece","http://earthquake.usgs.gov/earthquakes/eventpage/usb000r2hc"
44.5985,148.748,6.2,"98km SE of Kuril'sk, Russia","http://earthquake.usgs.gov/earthquakes/eventpage/usb000ruu6"
-22.7746,171.4453,6.1,"74km SW of Ile Hunter, New Caledonia","http://earthquake.usgs.gov/earthquakes/eventpage/usc000svzi"
